categoryId,name
11611393-53a9-47ad-9865-12f212ad068d,name-11611393
15104942-9e17-4731-a9a0-a8312393977a,name-15104942
15104943-0baf-4335-a699-8fde26203232,name-15104943
15104944-688a-4765-a122-fe4864b11f1e,name-15104944
15104945-3040-4b3d-85d2-ad48e22f9b11,name-15104945
15104946-b4f4-401a-b4f9-758fc7b0feee,name-15104946
15104947-c7c0-4a22-866b-20fa2543351a,name-15104947
15104948-8992-4c5c-9d34-803648a7fddc,name-15104948
15104949-45d5-4c4f-b180-e121a37cedaf,name-15104949
15104950-c7a6-4202-98ea-e4aab1891d7c,name-15104950
