reviewId,name,rate,comment,game_gameId,createdAt,createdBy,modifiedAt,modifiedBy
77726314-e3ed-4ac6-9ef2-f65ef336964a,name.4mlef@example.com,1.4,comment-7772631,29333065-a2c8-4d0d-8035-41badc74a5c1,2015-01-29T00:00:00.000Z,createdBy.4mlef@example.org,2007-01-18T00:00:00.000Z,modifiedBy.4mlef@example.com
77726320-9e65-464f-9e63-2a671be8c9f4,name.4mleg@example.org,9.7,comment-7772632,29333065-a2c8-4d0d-8035-41badc74a5c1,2005-06-11T00:00:00.000Z,createdBy.4mleg@example.net,2005-12-20T00:00:00.000Z,modifiedBy.4mleg@example.com
77726336-3c3d-4d40-b07d-be6ff373e6cf,name.4mleh@example.net,0.2,comment-7772633,29333065-a2c8-4d0d-8035-41badc74a5c1,2023-07-07T00:00:00.000Z,createdBy.4mleh@example.net,2000-04-30T00:00:00.000Z,modifiedBy.4mleh@example.org
77726346-8982-4a9e-9050-a410a29e8f96,name.4mlei@example.net,6.3,comment-7772634,29333065-a2c8-4d0d-8035-41badc74a5c1,2020-05-08T00:00:00.000Z,createdBy.4mlei@example.net,2015-10-14T00:00:00.000Z,modifiedBy.4mlei@example.com
77726359-9ecf-445d-9b77-e5dd1c4a4fa0,name.4mlej@example.com,6.1,comment-7772635,29333065-a2c8-4d0d-8035-41badc74a5c1,2014-08-10T00:00:00.000Z,createdBy.4mlej@example.org,2015-11-10T00:00:00.000Z,modifiedBy.4mlej@example.org
77726360-feac-4624-b836-ce5de717518e,name.4mlek@example.com,0.9,comment-7772636,29333065-a2c8-4d0d-8035-41badc74a5c1,2008-03-23T00:00:00.000Z,createdBy.4mlek@example.com,2010-03-24T00:00:00.000Z,modifiedBy.4mlek@example.org
7772637f-d62a-49f4-a91b-842e333ce37a,name.4mlel@example.net,9.4,comment-7772637,29333065-a2c8-4d0d-8035-41badc74a5c1,2022-12-09T00:00:00.000Z,createdBy.4mlel@example.net,2006-05-22T00:00:00.000Z,modifiedBy.4mlel@example.net
77726388-30b6-4c96-9f23-04beb021396d,name.4mlem@example.org,2.7,comment-7772638,29333065-a2c8-4d0d-8035-41badc74a5c1,2021-08-28T00:00:00.000Z,createdBy.4mlem@example.com,2023-07-22T00:00:00.000Z,modifiedBy.4mlem@example.net
77726393-374c-4579-8389-16658d39111b,name.4mlen@example.com,3.3,comment-7772639,29333065-a2c8-4d0d-8035-41badc74a5c1,2006-05-15T00:00:00.000Z,createdBy.4mlen@example.com,2023-10-24T00:00:00.000Z,modifiedBy.4mlen@example.org
77726401-0e88-4f9a-b93f-3a3fc89e7568,name.4mleo@example.org,2.3,comment-7772640,29333065-a2c8-4d0d-8035-41badc74a5c1,2021-07-29T00:00:00.000Z,createdBy.4mleo@example.net,2003-01-11T00:00:00.000Z,modifiedBy.4mleo@example.org
