gameId,title,releaseDate,price,rating,stock,imgUrl,description,stockStatus,agerating_code,publisher_publisherId,studio_studioId,currency_code,createdAt,createdBy,modifiedAt,modifiedBy
29333056-8a58-4423-be41-66d9615d5c60,title-29333056,2022-02-09,83072408.19,9.6,90,imgUrl-29333056,description-29333056,I,g-21110937,25471304-5939-420f-85e9-aa537bd11b3b,12854438-d46a-4587-a8a4-43b97d2d1603,676,2006-11-02T00:00:00.000Z,createdBy.hgpj4@example.org,2006-05-20T00:00:00.000Z,modifiedBy.hgpj4@example.com
29333057-7319-498f-9ba4-98cfd330c569,title-29333057,2000-05-14,88024105.99,7.1,73,imgUrl-29333057,description-29333057,I,g-21110937,25471304-5939-420f-85e9-aa537bd11b3b,12854438-d46a-4587-a8a4-43b97d2d1603,676,2017-12-22T00:00:00.000Z,createdBy.hgpj5@example.org,2001-04-20T00:00:00.000Z,modifiedBy.hgpj5@example.net
29333058-d8ba-4dea-9a78-9fe6c72d1cbc,title-29333058,2007-09-30,482940.1,9.9,42,imgUrl-29333058,description-29333058,L,g-21110937,25471304-5939-420f-85e9-aa537bd11b3b,12854438-d46a-4587-a8a4-43b97d2d1603,676,2013-02-19T00:00:00.000Z,createdBy.hgpj6@example.com,2007-12-19T00:00:00.000Z,modifiedBy.hgpj6@example.com
29333059-b3eb-4bfa-af58-5843f30bdc66,title-29333059,2014-03-02,94357876.05,9.3,24,imgUrl-29333059,description-29333059,I,g-21110937,25471304-5939-420f-85e9-aa537bd11b3b,12854438-d46a-4587-a8a4-43b97d2d1603,676,2018-10-02T00:00:00.000Z,createdBy.hgpj7@example.net,2011-01-03T00:00:00.000Z,modifiedBy.hgpj7@example.org
29333060-3bc3-4602-aea0-3e963fdad52b,title-29333060,2002-12-08,97864233.46,8.4,32,imgUrl-29333060,description-29333060,D,g-21110937,25471304-5939-420f-85e9-aa537bd11b3b,12854438-d46a-4587-a8a4-43b97d2d1603,676,2021-01-03T00:00:00.000Z,createdBy.hgpj8@example.com,2021-10-27T00:00:00.000Z,modifiedBy.hgpj8@example.com
29333061-ea86-4b72-83b4-8c99eb836657,title-29333061,2013-12-12,74949042.93,0.1,7,imgUrl-29333061,description-29333061,I,g-21110937,25471304-5939-420f-85e9-aa537bd11b3b,12854438-d46a-4587-a8a4-43b97d2d1603,676,2020-05-02T00:00:00.000Z,createdBy.hgpj9@example.com,2018-07-09T00:00:00.000Z,modifiedBy.hgpj9@example.com
29333062-51ba-4bf9-8023-b48439dcf049,title-29333062,2013-10-15,42296075.26,4.4,5,imgUrl-29333062,description-29333062,D,g-21110937,25471304-5939-420f-85e9-aa537bd11b3b,12854438-d46a-4587-a8a4-43b97d2d1603,676,2013-05-29T00:00:00.000Z,createdBy.hgpja@example.com,2023-08-02T00:00:00.000Z,modifiedBy.hgpja@example.com
29333063-0d9f-4591-be03-f852222c3ea2,title-29333063,2015-06-08,34242256.88,4.3,9,imgUrl-29333063,description-29333063,O,g-21110937,25471304-5939-420f-85e9-aa537bd11b3b,12854438-d46a-4587-a8a4-43b97d2d1603,676,2004-12-19T00:00:00.000Z,createdBy.hgpjb@example.net,2007-09-17T00:00:00.000Z,modifiedBy.hgpjb@example.com
29333064-f8b2-43e8-9359-4acaa1e8b7d5,title-29333064,2014-11-29,53828872.52,7.1,86,imgUrl-29333064,description-29333064,O,g-21110937,25471304-5939-420f-85e9-aa537bd11b3b,12854438-d46a-4587-a8a4-43b97d2d1603,676,2010-04-16T00:00:00.000Z,createdBy.hgpjc@example.net,2003-07-28T00:00:00.000Z,modifiedBy.hgpjc@example.org
29333065-a2c8-4d0d-8035-41badc74a5c1,title-29333065,2004-09-27,64251022.92,5.1,89,imgUrl-29333065,description-29333065,O,g-21110937,25471304-5939-420f-85e9-aa537bd11b3b,12854438-d46a-4587-a8a4-43b97d2d1603,676,2003-09-01T00:00:00.000Z,createdBy.hgpjd@example.org,2008-10-20T00:00:00.000Z,modifiedBy.hgpjd@example.com
