studioId,name,country
12854438-d46a-4587-a8a4-43b97d2d1603,name-1285443,country-1285443
20554419-9a13-40bd-8d34-ef78b7e39203,name-20554419,country-20554419
20554420-024c-4a8e-8cf2-85efa37570c5,name-20554420,country-20554420
20554421-12ca-4c2b-a1d6-8413054f0a74,name-20554421,country-20554421
20554422-e553-4ed1-ba14-6d853f377a2d,name-20554422,country-20554422
20554423-3372-4b64-bba7-762ab6b0360d,name-20554423,country-20554423
20554424-b01c-403b-9b14-4b8b1e03b418,name-20554424,country-20554424
20554425-3f69-418d-bd55-a9bc70cad489,name-20554425,country-20554425
20554426-6a67-4ba5-a760-783d34effde5,name-20554426,country-20554426
20554427-08f1-4260-8e5e-00cabe8974f9,name-20554427,country-20554427
