ID,game_gameId,category_categoryId
26345358-9b6e-4152-aa9b-05bf7a975b94,29333056-8a58-4423-be41-66d9615d5c60,11611393-53a9-47ad-9865-12f212ad068d
26345359-fd15-4772-852f-34c6f7c46afa,29333056-8a58-4423-be41-66d9615d5c60,11611393-53a9-47ad-9865-12f212ad068d
24680853-1abb-411b-821c-f784bfebe86e,29333057-7319-498f-9ba4-98cfd330c569,11611393-53a9-47ad-9865-12f212ad068d
24680854-c36f-45a6-9301-4f492fbd4a82,29333057-7319-498f-9ba4-98cfd330c569,11611393-53a9-47ad-9865-12f212ad068d
4237647f-6387-4222-bfc1-29d4cce692f6,29333058-d8ba-4dea-9a78-9fe6c72d1cbc,11611393-53a9-47ad-9865-12f212ad068d
42376489-d83a-47a6-a22b-736841dba858,29333058-d8ba-4dea-9a78-9fe6c72d1cbc,11611393-53a9-47ad-9865-12f212ad068d
18709389-5416-462a-a3b6-a591670c895d,29333059-b3eb-4bfa-af58-5843f30bdc66,11611393-53a9-47ad-9865-12f212ad068d
18709390-9313-4c52-ae60-53eec95f817d,29333059-b3eb-4bfa-af58-5843f30bdc66,11611393-53a9-47ad-9865-12f212ad068d
10741377-0644-4949-8a79-696583225ebd,29333060-3bc3-4602-aea0-3e963fdad52b,11611393-53a9-47ad-9865-12f212ad068d
10741378-d2a1-41ad-9954-c5158c3b116b,29333060-3bc3-4602-aea0-3e963fdad52b,11611393-53a9-47ad-9865-12f212ad068d
7817218b-5244-45ae-8d44-13cc4200102a,29333061-ea86-4b72-83b4-8c99eb836657,11611393-53a9-47ad-9865-12f212ad068d
7817219e-212b-4753-9da9-4756adcc70b5,29333061-ea86-4b72-83b4-8c99eb836657,11611393-53a9-47ad-9865-12f212ad068d
27837005-d147-4ea4-b649-127ccae2c9d8,29333062-51ba-4bf9-8023-b48439dcf049,11611393-53a9-47ad-9865-12f212ad068d
27837006-c738-496f-b533-6f3c7b2075ed,29333062-51ba-4bf9-8023-b48439dcf049,11611393-53a9-47ad-9865-12f212ad068d
21152021-ee65-4cda-9abb-442779b8a36c,29333063-0d9f-4591-be03-f852222c3ea2,11611393-53a9-47ad-9865-12f212ad068d
21152022-8cd7-455b-9c7a-a7d9c06b5503,29333063-0d9f-4591-be03-f852222c3ea2,11611393-53a9-47ad-9865-12f212ad068d
23776767-766f-442e-98ce-c7964ad1b629,29333064-f8b2-43e8-9359-4acaa1e8b7d5,11611393-53a9-47ad-9865-12f212ad068d
23776768-ebfd-482e-bfe4-5f11995c0d76,29333064-f8b2-43e8-9359-4acaa1e8b7d5,11611393-53a9-47ad-9865-12f212ad068d
16598561-f964-4d6d-9a53-f135949f6aa3,29333065-a2c8-4d0d-8035-41badc74a5c1,11611393-53a9-47ad-9865-12f212ad068d
16598562-79d4-4c35-bb4c-a65fd8d42e78,29333065-a2c8-4d0d-8035-41badc74a5c1,11611393-53a9-47ad-9865-12f212ad068d
