screenshotId,name,imgUrl,game_gameId
23874416-3ecf-4786-9267-bed965b68532,name-23874416,imgUrl-23874416,29333056-8a58-4423-be41-66d9615d5c60
23874417-5a01-453f-97a8-e8d79835049e,name-23874417,imgUrl-23874417,29333056-8a58-4423-be41-66d9615d5c60
22005602-ca88-4892-8b2b-9453373075af,name-2200560,imgUrl-2200560,29333057-7319-498f-9ba4-98cfd330c569
22005612-db0d-488d-b973-8c2319aededc,name-2200561,imgUrl-2200561,29333057-7319-498f-9ba4-98cfd330c569
47713896-e045-4499-8ab7-c80002d46109,name-4771389,imgUrl-4771389,29333058-d8ba-4dea-9a78-9fe6c72d1cbc
47713902-8403-436a-8769-9f77b05848e4,name-4771390,imgUrl-4771390,29333058-d8ba-4dea-9a78-9fe6c72d1cbc
31133390-f208-4e17-8335-9cf127cd376e,name-31133390,imgUrl-31133390,29333059-b3eb-4bfa-af58-5843f30bdc66
31133391-f8cd-4ede-b4d9-f91c5665d503,name-31133391,imgUrl-31133391,29333059-b3eb-4bfa-af58-5843f30bdc66
10741983-f12c-41e8-8e37-d072160fd269,name-10741983,imgUrl-10741983,29333060-3bc3-4602-aea0-3e963fdad52b
10741984-534a-42ed-a727-466f6ab3449d,name-10741984,imgUrl-10741984,29333060-3bc3-4602-aea0-3e963fdad52b
21800304-95e8-488d-a829-15452ed7c616,name-21800304,imgUrl-21800304,29333061-ea86-4b72-83b4-8c99eb836657
21800305-2bc4-4cf3-91e1-ea9dd2e945b2,name-21800305,imgUrl-21800305,29333061-ea86-4b72-83b4-8c99eb836657
23336765-515b-49ff-8521-098b4ee4be50,name-23336765,imgUrl-23336765,29333062-51ba-4bf9-8023-b48439dcf049
23336766-963d-4671-a06b-11b35a9c5149,name-23336766,imgUrl-23336766,29333062-51ba-4bf9-8023-b48439dcf049
12426764-98f1-4b25-b13b-f09618e5c761,name-12426764,imgUrl-12426764,29333063-0d9f-4591-be03-f852222c3ea2
12426765-839d-4dbd-b52c-09bdab809d1c,name-12426765,imgUrl-12426765,29333063-0d9f-4591-be03-f852222c3ea2
18576384-8416-4e70-80a0-bee848cacd05,name-18576384,imgUrl-18576384,29333064-f8b2-43e8-9359-4acaa1e8b7d5
18576385-d57a-47e4-80cc-d1f76438cb38,name-18576385,imgUrl-18576385,29333064-f8b2-43e8-9359-4acaa1e8b7d5
24386403-ff2e-4380-92a7-b78e335aba36,name-24386403,imgUrl-24386403,29333065-a2c8-4d0d-8035-41badc74a5c1
24386404-adcf-450f-8797-911445b92f3a,name-24386404,imgUrl-24386404,29333065-a2c8-4d0d-8035-41badc74a5c1
