publisherId,name,country
25471304-5939-420f-85e9-aa537bd11b3b,name-25471304,country-25471304
19535663-dc22-4ebd-83eb-ad248e6ce10d,name-19535663,country-19535663
19535664-bd10-42ee-b17f-182c3033f2c2,name-19535664,country-19535664
19535665-80f9-4352-af7e-0b9eb55da30e,name-19535665,country-19535665
19535666-6747-40d0-b04a-4cc823bf6482,name-19535666,country-19535666
19535667-c8be-4198-8dab-5b1528ad63e7,name-19535667,country-19535667
19535668-cd38-4947-96e7-ac2349f2d3a6,name-19535668,country-19535668
19535669-9b7e-4a1d-93ff-ed14b43e6b82,name-19535669,country-19535669
19535670-58c0-41ed-8743-64e66ce7ff63,name-19535670,country-19535670
19535671-f28a-4d7b-b917-df6ed45cfa22,name-19535671,country-19535671
