ID,game_gameId,platform_platformId
9309055c-298d-4f25-9e07-e980c05d960b,29333056-8a58-4423-be41-66d9615d5c60,34295605-0e29-474c-9254-5ef0e6e78d3e
93090568-92c5-4225-99d6-090ff1212800,29333056-8a58-4423-be41-66d9615d5c60,34295605-0e29-474c-9254-5ef0e6e78d3e
13120935-becd-4483-a0dc-ab71176788ea,29333057-7319-498f-9ba4-98cfd330c569,34295605-0e29-474c-9254-5ef0e6e78d3e
13120936-d8d2-48c7-a906-c30044f7474e,29333057-7319-498f-9ba4-98cfd330c569,34295605-0e29-474c-9254-5ef0e6e78d3e
18968852-42f9-431c-8207-63b92cb76584,29333058-d8ba-4dea-9a78-9fe6c72d1cbc,34295605-0e29-474c-9254-5ef0e6e78d3e
18968853-cfb1-49fe-ac8a-9f63270ab220,29333058-d8ba-4dea-9a78-9fe6c72d1cbc,34295605-0e29-474c-9254-5ef0e6e78d3e
31732059-17ba-438e-9b7d-8b619c5f0132,29333059-b3eb-4bfa-af58-5843f30bdc66,34295605-0e29-474c-9254-5ef0e6e78d3e
31732060-99f8-43fa-be17-daf1d912f148,29333059-b3eb-4bfa-af58-5843f30bdc66,34295605-0e29-474c-9254-5ef0e6e78d3e
32643507-0da0-4ed7-b2aa-b3fec0770b97,29333060-3bc3-4602-aea0-3e963fdad52b,34295605-0e29-474c-9254-5ef0e6e78d3e
32643512-1b4f-4ef2-a92b-f3ea9ab5357d,29333060-3bc3-4602-aea0-3e963fdad52b,34295605-0e29-474c-9254-5ef0e6e78d3e
26079893-407a-42f6-b4f1-e8687b442729,29333061-ea86-4b72-83b4-8c99eb836657,34295605-0e29-474c-9254-5ef0e6e78d3e
26079894-96c2-44b8-91c6-8564dcedf5a5,29333061-ea86-4b72-83b4-8c99eb836657,34295605-0e29-474c-9254-5ef0e6e78d3e
10393538-802a-4a52-aa6c-b0c6377c2f5b,29333062-51ba-4bf9-8023-b48439dcf049,34295605-0e29-474c-9254-5ef0e6e78d3e
10393539-53bb-4e52-94af-0b28f01f10a6,29333062-51ba-4bf9-8023-b48439dcf049,34295605-0e29-474c-9254-5ef0e6e78d3e
31050795-840b-44a4-b208-9c335edd0417,29333063-0d9f-4591-be03-f852222c3ea2,34295605-0e29-474c-9254-5ef0e6e78d3e
31050796-7a30-483d-94fc-5fc4cfbe3d65,29333063-0d9f-4591-be03-f852222c3ea2,34295605-0e29-474c-9254-5ef0e6e78d3e
22475765-2b2a-4f9e-a62f-bf6665701deb,29333064-f8b2-43e8-9359-4acaa1e8b7d5,34295605-0e29-474c-9254-5ef0e6e78d3e
22475766-bdd0-4184-8e0c-402180bb72a5,29333064-f8b2-43e8-9359-4acaa1e8b7d5,34295605-0e29-474c-9254-5ef0e6e78d3e
19664631-de4e-4a18-96b4-6552ccf0c116,29333065-a2c8-4d0d-8035-41badc74a5c1,34295605-0e29-474c-9254-5ef0e6e78d3e
19664645-81b3-49fe-b2d1-3fb46c02acd5,29333065-a2c8-4d0d-8035-41badc74a5c1,34295605-0e29-474c-9254-5ef0e6e78d3e
