platformId,name
34295605-0e29-474c-9254-5ef0e6e78d3e,name-3429560
30215040-3abc-465b-9aed-aa822857a169,name-30215040
30215041-9616-46a8-afcf-7f34f6e4cfe4,name-30215041
30215042-e9a9-49c0-8e23-6d93058492e0,name-30215042
30215043-477f-424b-ac7e-6cfb670bcb90,name-30215043
30215044-618c-408a-988f-33a9da3a539e,name-30215044
30215045-edd6-40e5-b8e9-4be6ef9a2fa8,name-30215045
30215046-ad33-4936-ad02-9d50f004a123,name-30215046
30215047-c167-45ac-b8a3-bb653c89a84a,name-30215047
30215048-bb82-4b01-a6c8-b45a7f36ec7e,name-30215048
