code,locale,name,descr
676,ko,name-8197879,descr-8197879
676,hu,name-8197880,descr-8197880
456,ro,name-16578312,descr-16578312
456,pt,name-16578313,descr-16578313
457,th,name-3559533,descr-3559533
457,ar,name-3559534,descr-3559534
458,es,name-27031316,descr-27031316
458,hu,name-27031317,descr-27031317
459,sv,name-26158421,descr-26158421
459,ru,name-26158422,descr-26158422
460,ru,name-6353543,descr-6353543
460,es,name-6353544,descr-6353544
461,da,name-16469950,descr-16469950
461,th,name-16469951,descr-16469951
462,fi,name-6435453,descr-6435453
462,zh,name-6435454,descr-6435454
463,da,name-12438064,descr-12438064
464,es,name-23095701,descr-23095701
464,fi,name-23095702,descr-23095702
